P/N;Portal PE median;Portal DDP EA median;BOS DDP dropped;Kept DDP;RFQ count;Dropped detail
BACN11AL1;4.0;7.4;834000.0;370.0;2;[{'expr': '137', 'pe': 2732.4, 'ce': 4170.0, 'ct': 834000.0}]
65C33095-5;173.975;295.0;40000.0;14640.0;4;[{'expr': 'ExpR21067', 'pe': 980.0, 'ce': 1600.0, 'ct': 1600.0}, {'expr': 'ExpR23848', 'pe': 876.42, 'ce': 1280.0, 'ct': 38400.0}]
113A9309-1;2670.0;4130.0;35800.0;48360.0;3;[{'expr': 'ExpR22906', 'pe': 4700.0, 'ce': 7160.0, 'ct': 35800.0}]
69-41730-64;4760.0;7250.0;25600.0;7250.0;2;[{'expr': 'ExpR24351', 'pe': 9300.0, 'ce': 12800.0, 'ct': 25600.0}]
2100002-01-104;4579.5;7005.0;18000.0;55220.0;3;[{'expr': 'ExpR20816', 'pe': 6300.0, 'ce': 9000.0, 'ct': 18000.0}]
135-00-279-79CA;530.0;870.0;11520.0;870.0;2;[{'expr': 'ExpR25003', 'pe': 833.55, 'ce': 1280.0, 'ct': 11520.0}]
SL40359;430.0;720.0;11280.0;3600.0;2;[{'expr': 'ExpR26635', 'pe': 630.74, 'ce': 940.0, 'ct': 11280.0}]
139-00-240-34;109.0;189.0;8640.0;6615.0;2;[{'expr': 'ExpR23702', 'pe': 145.83, 'ce': 240.0, 'ct': 8640.0}]
170-14458-990;2480.0;3780.0;7270.0;3780.0;2;[{'expr': 'ExpR24413', 'pe': 4774.0, 'ce': 7270.0, 'ct': 7270.0}]
411N2599-11C;320.0;530.0;6450.0;1590.0;3;[{'expr': 'ExpR24238', 'pe': 810.0, 'ce': 1320.0, 'ct': 3960.0}, {'expr': 'ExpR25132', 'pe': 504.0, 'ce': 830.0, 'ct': 2490.0}]
332A2341-4;1200.0;1830.0;5290.0;5610.0;4;[{'expr': 'ExpR24118', 'pe': 3470.51, 'ce': 5290.0, 'ct': 5290.0}]
65-54998-17;391.0;660.0;4720.0;1980.0;3;[{'expr': 'ExpR19143', 'pe': 720.0, 'ce': 1180.0, 'ct': 4720.0}]
143A8335-1;2280.0;3480.0;4610.0;3480.0;2;[{'expr': 'ExpR26555', 'pe': 3024.0, 'ce': 4610.0, 'ct': 4610.0}]
60477;951.0;1605.0;4500.0;6420.0;3;[{'expr': 'ExpR25449', 'pe': 1471.8, 'ce': 2250.0, 'ct': 4500.0}]
60476;910.0;1590.0;4060.0;4540.0;3;[{'expr': 'ExpR25450', 'pe': 1331.29, 'ce': 2030.0, 'ct': 4060.0}]
65-90305-66;310.0;510.0;3680.0;5040.0;3;[{'expr': 'ExpR21758', 'pe': 560.0, 'ce': 920.0, 'ct': 3680.0}]
65-90305-58;32.475;57.5;3240.0;2640.0;3;[{'expr': 'ExpR21755', 'pe': 62.0, 'ce': 108.0, 'ct': 3240.0}]
BACB30VT6K4;3.0;6.8;3120.0;340.0;2;[{'expr': 'ExpR21558', 'pe': 4.2, 'ce': 7.8, 'ct': 3120.0}]
D72D93003-005;800.0;1310.0;2350.0;1310.0;2;[{'expr': 'ExpR22087', 'pe': 1540.0, 'ce': 2350.0, 'ct': 2350.0}]
411N1527-2;47.0;82.0;2030.0;4100.0;3;[{'expr': 'ExpR25510', 'pe': 68.69, 'ce': 120.0, 'ct': 1440.0}, {'expr': 'ExpR26753', 'pe': 68.04, 'ce': 118.0, 'ct': 590.0}]
65-49571-21;33.5;60.0;1920.0;600.0;2;[{'expr': 'ExpR24950', 'pe': 55.28, 'ce': 96.0, 'ct': 1920.0}]
S8990-266;61.0;140.0;1500.0;826.0;4;[{'expr': 'ExpR25455', 'pe': 86.18, 'ce': 150.0, 'ct': 1500.0}]
65-90305-15;160.0;270.0;1440.0;5400.0;3;[{'expr': 'ExpR21756', 'pe': 221.0, 'ce': 360.0, 'ct': 1440.0}]
BACR15FT5D10;0.6;1.4;1290.0;280.0;2;[{'expr': 'ExpR18852', 'pe': 2.3, 'ce': 4.3, 'ct': 1290.0}]
J221P906;1.83;4.5;680.0;630.0;3;[{'expr': 'ExpR22605', 'pe': 100.0, 'ce': 170.0, 'ct': 680.0}]
BACR15BB6AD7C;0.3;0.7;619.2;700.0;2;[{'expr': 'ExpR20750', 'pe': 2.3, 'ce': 4.3, 'ct': 619.2}]
BACB30LH3-4;4.4;9.0;584.4;900.0;3;[{'expr': 'ExpR20317', 'pe': 9.2, 'ce': 22.2, 'ct': 266.4}, {'expr': 'ExpR20917', 'pe': 8.0, 'ce': 15.9, 'ct': 318.0}]
412A1810-3B;9.76;18.65;560.0;1009.9;3;[{'expr': 'ExpR22874', 'pe': 32.0, 'ce': 56.0, 'ct': 560.0}]
3A090-0475;77.0;156.0;320.0;624.0;3;[{'expr': 'ExpR19555', 'pe': 154.0, 'ce': 320.0, 'ct': 320.0}]
AS3236-14;5.49;14.0;308.0;280.0;2;[{'expr': 'ExpR20655', 'pe': 20.68, 'ce': 44.0, 'ct': 308.0}]
BACP11K5;1.04;3.0;266.0;300.0;2;[{'expr': '11', 'pe': 5.44, 'ce': 13.3, 'ct': 266.0}]
BACN10ZR3CD;5.59;10.3;260.7;618.0;2;[{'expr': 'ExpR22923', 'pe': 9.5, 'ce': 23.7, 'ct': 260.7}]
300-834-044;2.0;3.7;257.4;370.0;2;[{'expr': 'ExpR19557', 'pe': 3.9, 'ce': 9.9, 'ct': 257.4}]
VL1002GE1-023;0.4;0.9;257.4;297.0;2;[{'expr': 'ExpR21759', 'pe': 2.6, 'ce': 6.6, 'ct': 257.4}]
D-150-0180;23.33;49.0;256.0;910.0;3;[{'expr': '80', 'pe': 50.0, 'ce': 128.0, 'ct': 256.0}]
AS1895-7-200;21.475;43.0;255.0;1380.0;4;[{'expr': 'ExpR25466', 'pe': 32.92, 'ce': 85.0, 'ct': 255.0}]
MS29513-030;0.8;2.4;255.0;240.0;2;[{'expr': '116', 'pe': 2.0, 'ce': 5.1, 'ct': 255.0}]
